<?xml version="1.0" encoding="UTF-8"?>
<project-private xmlns="http://www.netbeans.org/ns/project-private/1">
    <editor-bookmarks xmlns="http://www.netbeans.org/ns/editor-bookmarks/2" lastBookmarkId="0"/>
    <open-files xmlns="http://www.netbeans.org/ns/projectui-open-files/2">
        <group>
            <file>file:/E:/Kuliah/Tugas%20Kuliah/Pemrograman%20Berbasis%20Obyek/Water%20Connection/src/water/connection/GenerateOneRowTextField.java</file>
            <file>file:/E:/Kuliah/Tugas%20Kuliah/Pemrograman%20Berbasis%20Obyek/Water%20Connection/src/water/connection/GenerateOutput.java</file>
            <file>file:/E:/Kuliah/Tugas%20Kuliah/Pemrograman%20Berbasis%20Obyek/Water%20Connection/src/water/connection/GreedyLogicWC.java</file>
            <file>file:/E:/Kuliah/Tugas%20Kuliah/Pemrograman%20Berbasis%20Obyek/Water%20Connection/src/water/connection/FormWC.java</file>
            <file>file:/E:/Kuliah/Tugas%20Kuliah/Pemrograman%20Berbasis%20Obyek/Water%20Connection/src/water/connection/GenerateInput.java</file>
            <file>file:/E:/Kuliah/Tugas%20Kuliah/Pemrograman%20Berbasis%20Obyek/Water%20Connection/src/water/connection/GenerateOneRowLabel.java</file>
        </group>
    </open-files>
</project-private>
